Delta,reaction_shift_N,stress_shift_MPa
1e-06,-0.1469271010137163,-14.692710101371631
2e-06,-0.0581202948524151,-5.81202948524151
3e-06,-0.0564636211493053,-5.646362114930525
