step,displacement_mm
0.000000000000000000e+00,9.999999999999999547e-07
